time,latitude,longitude,depth,mag,magType,nst,gap,dmin,rms,net,id,updated,place,type,horizontalError,depthError,magError,magNst,status,locationSource,magSource
2000-06-18T08:50:25.420Z,36.732,137.016,264,4,mb,48,,,0.88,us,usp0009usk,2014-11-07T01:10:23.289Z,"1 km S of Takaoka, Japan",earthquake,,4.5,,14,reviewed,us,us
2001-10-28T01:09:34.460Z,36.461,137.502,10,4,mb,6,,,0.42,us,usp000arsh,2014-11-07T01:14:04.343Z,"29 km SSE of Kamiichi, Japan",earthquake,,,,1,reviewed,us,us
2002-08-23T08:12:26.050Z,36.487,137.09,275.1,4.2,mb,39,,,1.12,us,usp000bafg,2014-11-07T01:16:19.481Z,"9 km SSW of Yatsuomachi-higashikumisaka, Japan",earthquake,,4.8,,11,reviewed,us,us
2002-11-10T05:20:26.140Z,36.27,137.433,256,3.5,mb,10,,,1.22,us,usp000bh9t,2014-11-07T01:17:06.072Z,"22 km NE of Takayama, Japan",earthquake,,7.5,,1,reviewed,us,us
2002-11-17T04:47:52.320Z,36.269,136.459,10,4.6,mb,54,,,0.83,us,usp000bhuz,2014-11-07T01:17:08.692Z,"14 km S of Komatsu, Japan",earthquake,,,,26,reviewed,us,us
2002-12-16T06:31:17.560Z,37.123,137.407,262.2,4.7,mb,12,,,0.78,us,usp000bkt3,2014-11-07T01:17:22.037Z,"22 km NNW of Ny?zen, Japan",earthquake,,8.1,,1,reviewed,us,us
2003-08-10T15:43:11.770Z,36.303,137.031,265.9,4.1,mb,21,100.2,,1.31,us,usp000c4jw,2014-11-07T01:19:29.799Z,"27 km NW of Takayama, Japan",earthquake,,6.7,,2,reviewed,us,us
2003-08-18T05:53:33.790Z,37.382,137.669,10,4.2,mb,15,117.2,,0.98,us,usp000c57u,2014-11-07T01:19:32.656Z,"41 km NNW of Itoigawa, Japan",earthquake,,,,1,reviewed,us,us
2003-08-18T06:09:59.470Z,37.303,137.618,18.6,4.4,mb,16,117.4,,0.63,us,usp000c57y,2014-11-07T01:19:32.664Z,"36 km NW of Itoigawa, Japan",earthquake,,,,1,reviewed,us,us
2003-10-12T04:16:40.140Z,37.273,136.707,33,4.6,mb,7,207.2,,0.22,us,usp000ca6w,2014-11-07T01:20:11.261Z,"33 km NW of Nanao, Japan",earthquake,,,,1,reviewed,us,us
2004-03-01T07:19:21.590Z,36.524,137.425,232.6,3.8,mb,22,118.3,,0.39,us,usp000cnt9,2014-11-07T01:21:35.339Z,"20 km SSE of Kamiichi, Japan",earthquake,,4.2,,2,reviewed,us,us
2004-03-14T07:21:52.190Z,36.608,137.21,260,4.3,mb,15,88.8,,0.9,us,usp000cpx0,2014-11-07T01:21:42.086Z,"8 km ENE of Yatsuomachi-higashikumisaka, Japan",earthquake,,7.5,,2,reviewed,us,us
2004-06-04T00:53:27.620Z,37.12,137.085,269.6,4.4,mb,46,71.2,,0.68,us,usp000cx1e,2014-11-07T01:22:32.404Z,"13 km NE of Nanao, Japan",earthquake,,4.8,,15,reviewed,us,us
2004-07-21T01:23:49.360Z,36.299,136.698,245.3,3.7,mb,8,148.2,,0.18,us,usp000d0k8,2014-11-07T01:22:56.382Z,"17 km SSE of Tsurugi-asahimachi, Japan",earthquake,,9.4,,1,reviewed,us,us
2004-10-21T19:38:46.480Z,36.322,137.662,220.4,4.8,mwr,99,103.6,,1.16,us,usp000d6t8,2014-11-07T01:23:47.540Z,"19 km W of Hotaka, Japan",earthquake,,,,,reviewed,us,nied
2004-10-24T03:16:13.320Z,37.466,137.664,10,4.3,mb,9,113.3,,0.65,us,usp000d6ya,2014-11-07T01:23:48.472Z,"50 km NNW of Itoigawa, Japan",earthquake,,,,1,reviewed,us,us
2005-03-26T20:20:58.800Z,37.643,137.347,10.6,4.1,mb,17,95,,0.76,us,usp000dk46,2014-11-07T01:25:19.640Z,"73 km NNE of Nanao, Japan",earthquake,,29.4,,6,reviewed,us,us
2005-04-12T11:40:26.170Z,36.53,137.13,215.6,3.8,mwr,12,87,,0.36,us,usp000dn5f,2014-11-07T01:25:34.391Z,"4 km S of Yatsuomachi-higashikumisaka, Japan",earthquake,,6.1,,,reviewed,us,nied
2005-12-29T09:32:12.250Z,36.278,137.586,222.8,4.2,mb,32,121.5,,0.69,us,usp000e75b,2014-11-07T01:27:58.095Z,"27 km WSW of Hotaka, Japan",earthquake,,3.7,,9,reviewed,us,us
2006-02-21T16:29:06.310Z,36.322,136.833,276.3,4.2,mb,14,119,,0.85,us,usp000eahv,2014-11-07T01:28:20.781Z,"22 km SE of Tsurugi-asahimachi, Japan",earthquake,,7.6,,3,reviewed,us,us
2006-05-04T01:17:30.260Z,37.067,137.493,24.2,4.3,mb,12,113.5,,0.64,us,usp000eg75,2014-11-07T01:29:02.346Z,"14 km N of Ny?zen, Japan",earthquake,,12.9,,3,reviewed,us,us
2006-06-25T00:07:31.330Z,36.624,137.453,241.9,4.1,mb,17,118.2,,,us,usp000em6w,2014-11-07T01:29:27.175Z,"11 km SE of Kamiichi, Japan",earthquake,,,,3,reviewed,jma,us
2006-09-03T08:08:45.360Z,36.308,137.246,271.6,4.1,mb,50,110.3,,,us,usp000escy,2014-11-07T01:30:09.157Z,"19 km N of Takayama, Japan",earthquake,,,,24,reviewed,jma,us
2006-12-19T09:45:04.770Z,36.354,136.925,268.6,4.2,mb,24,103.6,,0.73,us,usp000f0ja,2014-11-07T01:31:09.936Z,"23 km SSE of Fukumitsu, Japan",earthquake,,4.5,,6,reviewed,us,us
2007-03-25T00:41:57.820Z,37.336,136.588,8,6.7,mwc,493,23.9,,0.83,us,usp000f7b5,2022-08-03T20:34:40.654Z,"46 km NW of Nanao, Japan",earthquake,,,,,reviewed,us,gcmt
2007-03-25T00:52:36.790Z,37.354,136.768,5,4.5,m,6,172.7,,0.85,us,usp000f7b6,2014-11-07T01:31:55.473Z,"38 km NNW of Nanao, Japan",earthquake,,,,,reviewed,us,jma
2007-03-25T00:56:31.040Z,37.229,136.724,9.9,4.7,m,10,81.5,,,us,usp000f7b8,2014-11-07T01:31:55.477Z,"29 km NW of Nanao, Japan",earthquake,,,,,reviewed,jma,jma
2007-03-25T01:16:12.740Z,37.23,136.657,5.4,4.1,mb,8,91.8,,,us,usp000f7bb,2014-11-07T01:31:55.507Z,"34 km NW of Nanao, Japan",earthquake,,,,1,reviewed,jma,us
2007-03-25T02:19:02.310Z,37.276,136.828,10,4.5,mb,15,73.7,,0.8,us,usp000f7bk,2014-11-07T01:31:55.521Z,"27 km NNW of Nanao, Japan",earthquake,,,,3,reviewed,us,us
2007-03-25T02:38:16.030Z,37.239,136.692,10,3.9,mb,12,122.2,,0.85,us,usp000f7bm,2014-11-07T01:31:55.523Z,"32 km NW of Nanao, Japan",earthquake,,,,2,reviewed,us,us
2007-03-25T02:58:07.760Z,37.162,136.603,10,3.9,mb,15,78.2,,1.16,us,usp000f7bp,2014-11-07T01:31:55.526Z,"34 km WNW of Nanao, Japan",earthquake,,,,3,reviewed,us,us
2007-03-25T03:40:42.410Z,37.454,136.862,10,3.4,mb,6,184.8,,1.65,us,usp000f7bt,2014-11-07T01:31:55.536Z,"45 km NNW of Nanao, Japan",earthquake,,,,1,reviewed,us,us
2007-03-25T05:21:04.830Z,37.214,136.574,10,4.1,mb,23,66.5,,1.1,us,usp000f7c1,2014-11-07T01:31:55.580Z,"near the west coast of Honshu, Japan",earthquake,,,,8,reviewed,us,us
2007-03-25T06:43:31.160Z,37.255,136.839,12.4,4,mwr,23,71.6,,0.86,us,usp000f7c4,2014-11-07T01:31:55.588Z,"25 km NNW of Nanao, Japan",earthquake,,11.6,,,reviewed,us,nied
2007-03-25T06:57:00.220Z,37.229,136.734,11.4,3.9,m,4,296.7,,,us,usp000f7c6,2014-11-07T01:31:55.592Z,"28 km NW of Nanao, Japan",earthquake,,,,,reviewed,jma,jma
2007-03-25T09:11:45.210Z,37.264,136.69,14.2,5.2,mwc,266,66.1,,0.71,us,usp000f7cd,2022-07-14T07:10:01.520Z,"34 km NW of Nanao, Japan",earthquake,,,,,reviewed,us,gcmt
2007-03-25T09:41:05.870Z,37.228,136.677,4.7,3.6,m,6,173.5,,1.11,us,usp000f7cg,2014-11-07T01:31:55.633Z,"near the west coast of Honshu, Japan",earthquake,,26.1,,,reviewed,us,jma
2007-03-25T17:14:54.410Z,36.924,136.691,14.6,4,mb,15,82.8,,0.69,us,usp000f7dn,2014-11-07T01:31:55.786Z,"9 km WNW of Hakui, Japan",earthquake,,10.7,,2,reviewed,us,us
2007-03-25T19:03:24.940Z,37.305,136.849,10,3.5,m,8,164.2,,0.6,us,usp000f7e0,2014-11-07T01:31:55.828Z,"30 km NNW of Nanao, Japan",earthquake,,,,,reviewed,us,jma
2007-03-25T22:16:38.510Z,37.097,136.453,10,5.1,mwc,201,57.3,,1.15,us,usp000f7ef,2022-05-02T20:04:38.107Z,"37 km NW of Hakui, Japan",earthquake,,,,,reviewed,us,gcmt
2007-03-26T04:47:41.360Z,37.113,136.592,10,4.1,mwr,33,70.1,,1.52,us,usp000f7fb,2014-11-07T01:31:56.037Z,"30 km NW of Hakui, Japan",earthquake,,,,,reviewed,us,nied
2007-03-26T09:02:52.520Z,37.276,136.701,5.9,4.2,mb,15,74.4,,,us,usp000f7g6,2014-11-07T01:31:56.153Z,"34 km NW of Nanao, Japan",earthquake,,,,2,reviewed,jma,us
2007-03-26T12:30:26.260Z,37.186,136.647,9.6,3.9,m,4,171.5,,,us,usp000f7gn,2014-11-07T01:31:56.206Z,"32 km WNW of Nanao, Japan",earthquake,,,,,reviewed,jma,jma
2007-03-26T16:59:17.370Z,37.16,136.956,17.5,3.9,m,8,176,,0.74,us,usp000f7h8,2014-11-07T01:31:56.260Z,"12 km N of Nanao, Japan",earthquake,,14.5,,,reviewed,us,jma
2007-03-26T21:48:59.150Z,37.161,136.677,45.4,3.6,m,10,87.4,,1.06,us,usp000f7j5,2014-11-07T01:31:56.633Z,"28 km WNW of Nanao, Japan",earthquake,,18.9,,,reviewed,us,jma
2007-03-26T22:16:37.170Z,37.047,136.587,36,4,mb,12,81.8,,0.83,us,usp000f7ja,2014-11-07T01:31:56.645Z,"25 km NW of Hakui, Japan",earthquake,,14.1,,2,reviewed,us,us
2007-03-27T15:57:13.950Z,37.165,136.775,30.2,4.1,m,10,83.7,,1.01,us,usp000f7n2,2014-11-07T01:31:56.924Z,"21 km NW of Nanao, Japan",earthquake,,29.3,,,reviewed,us,jma
2007-03-27T23:08:14.030Z,37.094,136.807,10,4.6,mwr,80,61.9,,1.36,us,usp000f7nu,2014-11-07T01:31:57.000Z,"15 km WNW of Nanao, Japan",earthquake,,,,,reviewed,us,nied
2007-03-28T01:51:01.890Z,37.183,136.62,10,4.3,mb,26,73.1,,0.81,us,usp000f7p7,2014-11-07T01:31:57.088Z,"34 km WNW of Nanao, Japan",earthquake,,,,5,reviewed,us,us
2007-03-28T04:05:31.580Z,37.218,136.515,10,4.6,mwr,189,62.2,,0.79,us,usp000f7pg,2014-11-07T01:31:57.123Z,"44 km NNW of Hakui, Japan",earthquake,,,,,reviewed,us,nied
2007-04-01T17:51:44.370Z,37.21,136.69,12.4,4.2,m,6,173.1,,,us,usp000f831,2014-11-07T01:32:01.645Z,"30 km NW of Nanao, Japan",earthquake,,,,,reviewed,jma,jma
2007-04-01T23:01:21.930Z,37.207,136.647,7,4.1,m,4,172.3,,,us,usp000f84q,2014-11-07T01:32:02.692Z,"33 km WNW of Nanao, Japan",earthquake,,,,,reviewed,jma,jma
2007-04-05T06:14:01.240Z,37.074,136.439,8.3,4.3,m,6,157.4,,,us,usp000f8rg,2014-11-07T01:32:06.947Z,"37 km NW of Hakui, Japan",earthquake,,,,,reviewed,jma,jma
2007-04-06T06:18:16.610Z,37.002,136.668,14.2,4.4,m,8,108.8,,1.41,us,usp000f8uy,2014-11-07T01:32:07.376Z,"16 km NW of Hakui, Japan",earthquake,,21.7,,,reviewed,us,jma
2007-04-06T12:42:11.480Z,37.06,136.369,10,4.5,mwr,85,71.2,,0.98,us,usp000f8w1,2014-11-07T01:32:07.488Z,"41 km WNW of Hakui, Japan",earthquake,,0,,,reviewed,us,nied
2007-04-06T14:55:40.210Z,37.003,136.431,36.2,4.3,mb,33,75,,1.01,us,usp000f8wf,2014-11-07T01:32:07.817Z,"34 km WNW of Hakui, Japan",earthquake,,8.2,,12,reviewed,us,us
2007-04-11T13:11:57.520Z,37.074,136.427,8.2,4.1,mb,12,72.5,,,us,usp000f9es,2014-11-07T01:32:10.356Z,"38 km WNW of Hakui, Japan",earthquake,,,,1,reviewed,jma,us
2007-04-16T06:29:11.120Z,37.18,136.555,0.5,4,m,6,86.3,,,us,usp000f9uj,2014-11-07T01:32:12.582Z,"38 km NNW of Hakui, Japan",earthquake,,,,,reviewed,jma,jma
2007-04-26T02:30:39.430Z,37.149,136.844,45.3,3.9,m,7,122.4,,0.46,us,usp000famn,2014-11-07T01:32:17.239Z,"15 km NW of Nanao, Japan",earthquake,,19.4,,,reviewed,us,jma
2007-05-02T11:44:38.200Z,37.331,136.763,6.6,4.3,mwr,59,70,,,us,usp000fb2y,2014-11-07T01:32:22.881Z,"36 km NNW of Nanao, Japan",earthquake,,,,,reviewed,jma,nied
2007-05-04T16:11:17.020Z,37.001,136.423,35,4.3,mb,23,75.2,,0.82,us,usp000fb7v,2014-11-07T01:32:24.222Z,"34 km WNW of Hakui, Japan",earthquake,,,,4,reviewed,us,us
2007-05-10T17:12:27.130Z,37.075,136.651,10,4.3,mb,27,62.9,,1.64,us,usp000fbpn,2014-11-07T01:32:26.510Z,"24 km NNW of Hakui, Japan",earthquake,,,,7,reviewed,us,us
2007-05-12T04:42:48.220Z,37.158,136.58,31.7,4,mb,12,118.5,,0.93,us,usp000fbtu,2014-11-07T01:32:27.470Z,"35 km NNW of Hakui, Japan",earthquake,,38.6,,3,reviewed,us,us
2007-06-10T18:45:14.750Z,37.17,136.507,10,4.9,mwc,123,60.5,,0.88,us,usp000fdsh,2016-11-10T01:40:59.501Z,"40 km NW of Hakui, Japan",earthquake,,,,,reviewed,us,gcmt
2007-06-21T18:34:14.360Z,36.878,136.668,7.5,4.5,mwr,139,64.6,,,us,usp000fegv,2014-11-07T01:32:44.648Z,"10 km W of Hakui, Japan",earthquake,,,,,reviewed,jma,nied
2007-06-27T07:06:28.170Z,36.725,137.583,0,4.1,mb,9,118.2,,1.02,us,usp000feyb,2014-11-07T01:32:46.359Z,"18 km ESE of Uozu, Japan",earthquake,,16.4,,1,reviewed,us,us
2007-07-09T07:00:34.280Z,37.324,136.758,10,3.9,mwr,12,81.8,,,us,usp000ffu3,2014-11-07T01:32:55.858Z,"35 km NNW of Nanao, Japan",earthquake,,,,,reviewed,jma,nied
2007-07-11T17:10:18.200Z,37.097,137.519,251.1,4.4,mb,38,84.9,,0.75,us,usp000ffzr,2014-11-07T01:32:56.549Z,"17 km N of Ny?zen, Japan",earthquake,,5.2,,18,reviewed,us,us
2007-07-19T23:58:44.290Z,36.978,136.792,15,4.2,mb,9,114.9,,1.34,us,usp000fgp1,2014-11-07T01:33:00.828Z,"10 km N of Hakui, Japan",earthquake,,0,,3,reviewed,us,us
2007-08-10T22:04:41.020Z,37.29,136.741,7.6,3.4,m,8,118.2,,,us,usp000fjc4,2014-11-07T01:33:14.148Z,"33 km NW of Nanao, Japan",earthquake,,,,,reviewed,jma,jma
2007-08-11T03:15:25.050Z,37.529,137.485,17.6,3.9,mb,6,120.8,,1.66,us,usp000fjcu,2014-11-07T01:33:14.196Z,"63 km NNW of Itoigawa, Japan",earthquake,,20.1,,1,reviewed,us,us
2007-08-19T19:33:58.440Z,36.28,137.166,265.2,4.6,mb,21,110.7,,,us,usp000fk7n,2014-11-07T01:33:19.485Z,"17 km NNW of Takayama, Japan",earthquake,,,,2,reviewed,jma,us
2008-01-25T19:33:24.890Z,37.247,136.706,11.3,4.6,mwr,79,67.6,,0.88,us,usp000fxf4,2022-07-13T22:42:52.708Z,"31 km NW of Nanao, Japan",earthquake,,8.8,,,reviewed,us,nied
2008-02-03T18:59:23.190Z,37.066,137.177,267.9,4.3,mb,24,70.9,,,us,usp000fy37,2014-11-07T01:34:53.303Z,"near the west coast of Honshu, Japan",earthquake,,,,7,reviewed,jma,us
2008-03-26T04:59:46.650Z,36.854,136.351,35,3.7,mb,7,123.7,,0.72,us,usp000g2cr,2014-11-07T01:35:19.376Z,"36 km NW of Kanazawa, Japan",earthquake,,,,2,reviewed,us,us
2008-04-16T09:46:35.180Z,37.118,136.416,8.2,4.1,m,8,194.2,,,us,usp000g42e,2014-11-07T01:35:38.151Z,"41 km NW of Hakui, Japan",earthquake,,,,,reviewed,jma,jma
2008-05-01T20:46:20.820Z,37.252,136.711,10,4.1,mb,11,76.9,,1.02,us,usp000g596,2014-11-07T01:35:48.755Z,"31 km NW of Nanao, Japan",earthquake,,0,,2,reviewed,us,us
2008-09-13T20:37:03.750Z,36.494,136.544,257.9,3.7,mb,9,119.2,,1.08,us,usp000gh06,2014-11-07T01:37:11.843Z,"3 km SW of Matsut?, Japan",earthquake,,9.8,,2,reviewed,us,us
2008-10-04T11:34:24.840Z,36.284,137.182,267.5,3.4,m,15,110.8,,,us,usp000gja1,2014-11-07T01:37:23.500Z,"17 km NNW of Takayama, Japan",earthquake,,,,,reviewed,jma,jma
2008-12-31T13:54:21.460Z,37.09,137.491,244.9,4.4,mb,63,78.9,,0.93,us,usp000grx8,2014-11-07T01:38:04.877Z,"16 km N of Ny?zen, Japan",earthquake,,4.5,,24,reviewed,us,us
2011-05-16T18:05:03.800Z,36.464,137.641,3,4.2,mb,31,70.9,,0.99,us,usp000j1ps,2014-11-07T01:44:51.729Z,"20 km W of ?machi, Japan",earthquake,,9,,4,reviewed,us,us
2011-10-05T10:00:01.440Z,36.478,137.593,10,5.3,mwc,219,68.3,,1.13,us,usp000j8y5,2022-04-08T22:22:16.492Z,"24 km W of ?machi, Japan",earthquake,,,,,reviewed,us,gcmt
2011-10-05T10:06:13.770Z,36.49,137.384,13.1,5.2,mwc,202,54.4,,0.9,us,usp000j8y6,2022-09-06T12:32:57.054Z,"eastern Honshu, Japan",earthquake,,7.1,,,reviewed,us,gcmt
2011-10-06T10:37:13.270Z,36.381,137.539,10,4.9,mwc,82,96.9,,1.14,us,usp000j906,2014-11-07T01:46:04.522Z,"31 km W of Hotaka, Japan",earthquake,,,,,reviewed,us,gcmt
2011-12-17T08:50:37.520Z,37.379,137.266,37.5,4.6,mb,86,83.9,,0.99,us,usp000jcaq,2014-11-07T01:46:35.138Z,"near the west coast of Honshu, Japan",earthquake,,5.6,,40,reviewed,us,us
2013-04-03T16:58:13.130Z,36.757,136.79,10.7,4.6,mb,64,72.2,,0.81,us,us2013nna3,2014-11-07T01:50:30.037Z,"10 km NNE of Tsubata, Japan",earthquake,,5.4,,17,reviewed,us,us
2013-04-04T14:20:24.170Z,36.435,136.781,258.4,4.3,mb,35,85.7,,0.82,us,usp000k024,2014-11-07T01:50:30.374Z,"13 km E of Tsurugi-asahimachi, Japan",earthquake,,4.8,,23,reviewed,us,us
2014-01-24T01:43:51.070Z,36.3124,137.1893,261.64,4.1,mb,,60,0.85,0.53,us,usb000m74e,2014-03-27T18:15:37.000Z,"20 km NNW of Takayama, Japan",earthquake,,2.3,0.151,16,reviewed,us,us
2014-03-19T14:27:51.950Z,36.2994,137.3799,275.51,4,mb,,101,0.708,0.44,us,usc000nujx,2014-05-24T00:54:33.000Z,"21 km NNE of Takayama, Japan",earthquake,,8.8,0.3,5,reviewed,us,us
2014-05-03T06:26:59.810Z,36.2883,137.6696,5.73,4.4,mb,,91,0.501,1.24,us,usb000q7vu,2014-07-27T21:51:18.000Z,"19 km WSW of Hotaka, Japan",earthquake,,4.7,0.108,25,reviewed,us,us
2014-05-29T05:49:08.440Z,36.9855,136.9749,263.62,4.2,mb,,84,1.08,0.48,us,usc000rg3q,2014-08-26T01:21:03.000Z,"7 km S of Nanao, Japan",earthquake,,8.3,0.132,17,reviewed,us,us
2014-09-26T15:35:30.510Z,37.2018,136.7764,49.82,4.3,mb,,81,1.318,0.91,us,usb000sgcm,2014-12-20T00:53:59.040Z,"23 km NW of Nanao, Japan",earthquake,6.5,12.6,0.217,6,reviewed,us,us
2015-01-31T15:42:53.080Z,37.2516,137.1808,33.07,4.6,mb,,54,1.081,1.41,us,usc000tklf,2015-05-02T14:06:12.040Z,"29 km NE of Nanao, Japan",earthquake,5.4,6,0.164,12,reviewed,us,us
2015-03-01T19:21:56.240Z,36.6669,137.5007,242.98,4.7,mb,,49,0.578,0.53,us,usc000tu9b,2015-05-19T00:29:28.040Z,"12 km ESE of Kamiichi, Japan",earthquake,4.7,6.6,0.086,43,reviewed,us,us
2015-06-01T16:30:52.030Z,36.4097,137.3473,242.06,4.1,mb,,33,0.703,0.62,us,us20002pb6,2015-08-08T00:49:48.040Z,"25 km SE of Yatsuomachi-higashikumisaka, Japan",earthquake,7.4,5.9,0.145,13,reviewed,us,us
2015-11-17T10:15:51.340Z,37.155,137.1196,265.91,4.1,mb,,34,1.061,0.51,us,us10003yx8,2016-02-13T02:08:26.040Z,"17 km NE of Nanao, Japan",earthquake,7.6,6.8,0.1,27,reviewed,us,us
2016-02-03T12:28:42.110Z,36.4034,137.7014,10,4.2,mb,,73,0.429,0.87,us,us20004wta,2016-04-14T22:51:42.040Z,"17 km WNW of Hotaka, Japan",earthquake,4.5,1.9,0.136,16,reviewed,us,us
2016-05-31T23:56:47.000Z,37.2645,137.0125,264.75,4.2,mb,,42,1.194,0.65,us,us20005zhh,2016-08-10T22:30:30.040Z,"24 km N of Nanao, Japan",earthquake,8.2,7.1,0.081,42,reviewed,us,us
2017-10-11T23:21:46.380Z,36.3799,137.1519,253.39,4,mb,,75,0.864,0.58,us,us1000au6q,2018-01-09T02:14:56.040Z,"20 km S of Yatsuomachi-higashikumisaka, Japan",earthquake,9,4.1,0.196,7,reviewed,us,us
2020-03-12T17:18:46.197Z,37.2745,136.878,10,5.3,mww,,33,1.287,0.9,us,us60008egj,2020-05-30T22:17:04.040Z,"26 km NNW of Nanao, Japan",earthquake,5,1.7,0.068,21,reviewed,us,us
2020-05-13T01:28:33.501Z,36.2687,137.6321,10,4.4,mb,,89,0.537,0.77,us,us70009f48,2020-08-02T00:32:32.040Z,"23 km WSW of Hotaka, Japan",earthquake,3.1,1.9,0.102,28,reviewed,us,us
2020-05-19T04:12:59.967Z,36.2846,137.6865,10,5.2,mww,,51,0.492,0.57,us,us70009kd9,2020-08-02T00:28:27.040Z,"18 km WSW of Hotaka, Japan",earthquake,6,1.8,0.061,26,reviewed,us,us
2020-07-04T19:10:01.654Z,36.3437,137.5423,3.78,4.4,mwr,,80,0.57,0.88,us,us7000akt6,2020-09-11T22:14:12.040Z,"30 km W of Hotaka, Japan",earthquake,2,2.7,0.069,20,reviewed,us,us
2020-09-01T17:49:57.974Z,36.4274,136.7322,8.21,4.5,mwr,,33,0.964,0.75,us,us7000bfyn,2020-11-07T18:48:45.040Z,"9 km ESE of Tsurugi-asahimachi, Japan",earthquake,3.7,3.5,0.086,13,reviewed,us,us
2021-07-17T09:07:51.407Z,36.3146,137.6439,10,4.2,mb,,103,0.507,0.72,us,us6000ey0w,2021-09-25T21:07:57.040Z,"21 km W of Hotaka, Japan",earthquake,3.5,1.9,0.215,7,reviewed,us,us
2021-09-16T09:42:29.509Z,37.4707,137.2472,10,4.9,mww,,53,1.199,0.8,us,us7000fbrh,2021-11-23T15:13:06.040Z,"52 km NNE of Nanao, Japan",earthquake,2.6,1.8,0.073,18,reviewed,us,us
2021-09-19T10:04:17.724Z,36.276,137.6419,6.46,4.2,mb,,91,0.527,0.51,us,us7000fcmn,2021-12-03T15:01:32.040Z,"22 km WSW of Hotaka, Japan",earthquake,4.7,4,0.115,21,reviewed,us,us
2021-10-03T02:10:58.810Z,37.4618,137.1153,10,4.4,mb,,89,1.263,0.86,us,us6000fsnf,2021-12-10T21:14:19.040Z,"47 km NNE of Nanao, Japan",earthquake,5.2,1.5,0.131,19,reviewed,us,us
2022-01-21T12:10:40.801Z,36.5871,137.4237,228.38,4,mb,,68,0.629,0.71,us,us7000gdue,2022-04-01T17:40:24.040Z,"13 km SSE of Kamiichi, Japan",earthquake,6.4,4.7,0.092,32,reviewed,us,us
2022-03-07T16:58:49.038Z,37.5263,137.2804,5.84,4.8,mww,,53,1.226,0.59,us,us6000h2s5,2022-05-14T21:52:21.040Z,"59 km NNE of Nanao, Japan",earthquake,2.6,3.5,0.066,22,reviewed,us,us
2022-03-23T00:23:55.674Z,37.4502,137.312,10,4.5,mb,,88,1.151,0.8,us,us6000h6un,2022-05-28T18:35:26.040Z,"53 km NE of Nanao, Japan",earthquake,4.5,1.3,0.065,69,reviewed,us,us
2022-04-02T13:42:24.470Z,36.5987,137.6716,202.8,4.5,mb,,71,0.431,0.81,us,us7000h0dw,2022-06-11T20:21:10.040Z,"20 km WSW of Hakuba, Japan",earthquake,9.1,5.7,0.163,11,reviewed,us,us
2022-04-04T01:26:23.745Z,37.4917,137.1864,10,4.4,mb,,88,1.246,0.71,us,us7000h0nf,2022-06-11T20:21:14.040Z,"52 km NNE of Nanao, Japan",earthquake,6.2,0.9,0.126,18,reviewed,us,us
2022-04-08T13:04:56.676Z,37.4838,137.229,9.75,4.4,mb,,88,1.218,0.43,us,us7000h0pv,2022-06-11T20:21:15.040Z,"53 km NNE of Nanao, Japan",earthquake,5.9,3.6,0.072,55,reviewed,us,us
2022-05-20T10:58:17.543Z,37.4769,137.3014,10,4.1,mb,34,91,1.177,0.44,us,us7000hcp5,2022-07-24T02:40:36.040Z,"55 km NNE of Nanao, Japan",earthquake,5.8,1.9,0.146,13,reviewed,us,us
2022-06-19T06:08:06.557Z,37.5046,137.3115,10,5.1,mww,158,89,1.194,0.37,us,us7000hihq,2022-08-28T03:18:38.040Z,"58 km NNE of Nanao, Japan",earthquake,5.3,1.8,0.052,36,reviewed,us,us
2022-06-20T01:31:33.148Z,37.4849,137.3302,5.71,4.9,mww,130,85,1.169,0.62,us,us7000himd,2022-08-28T03:19:03.040Z,"58 km NE of Nanao, Japan",earthquake,5.6,3.6,0.089,12,reviewed,us,us
2022-06-20T05:50:12.874Z,37.4985,137.3393,10,4.1,mb,30,92,1.176,0.52,us,us7000hjxa,2022-08-28T03:19:10.040Z,"59 km NNE of Nanao, Japan",earthquake,4.8,1.8,0.158,11,reviewed,us,us
2022-06-21T01:42:50.445Z,37.5012,137.2575,10,4.2,mb,34,90,1.218,0.52,us,us7000hivv,2022-08-28T03:19:28.040Z,"56 km NNE of Nanao, Japan",earthquake,6.3,1.9,0.152,12,reviewed,us,us
2022-10-01T02:40:06.723Z,36.3661,137.0386,264.173,4,mb,28,76,0.803,0.55,us,us6000iriv,2022-12-10T22:53:27.040Z,"23 km SSW of Yatsuomachi-higashikumisaka, Japan",earthquake,7.15,5.743,0.196,7,reviewed,us,us
2022-11-14T13:27:58.983Z,37.4099,137.2938,12.694,4.6,mb,70,88,1.129,0.53,us,us7000iplv,2023-01-28T19:58:14.040Z,"49 km NE of Nanao, Japan",earthquake,6.23,4.04,0.07,63,reviewed,us,us
2022-11-26T12:58:11.806Z,37.5496,137.2199,8.813,4.5,mb,37,90,1.274,0.38,us,us6000j62c,2023-02-05T23:24:01.040Z,"59 km NNE of Nanao, Japan",earthquake,5.11,4.077,0.163,18,reviewed,us,us
2022-11-30T08:07:01.407Z,37.4506,137.2007,10,4.6,mb,62,87,1.209,1.12,us,us6000j5qe,2023-02-05T23:25:29.040Z,"near the west coast of Honshu, Japan",earthquake,5.23,1.844,0.078,49,reviewed,us,us
2022-12-09T03:46:53.821Z,36.6897,137.5665,238.709,4.1,mb,34,77,0.533,0.45,us,us6000j82k,2023-02-11T23:03:19.040Z,"17 km E of Kamiichi, Japan",earthquake,7.93,4.952,0.131,16,reviewed,us,us
2023-01-06T04:44:03.427Z,37.4215,137.1761,10,4.8,mb,66,67,1.201,0.84,us,us7000j2gw,2023-03-11T22:51:42.040Z,"45 km NNE of Nanao, Japan",earthquake,5.65,1.8,0.049,131,reviewed,us,us
2023-01-12T21:13:58.958Z,37.4773,137.3197,9.206,4,mb,22,94,1.169,0.57,us,us7000j5u4,2023-03-20T06:04:02.040Z,"56 km NNE of Nanao, Japan",earthquake,2.66,4.59,0.183,8,reviewed,us,us
2023-03-28T18:48:14.471Z,37.5022,137.2608,2.976,4.2,mb,33,90,1.217,0.77,us,us6000k155,2023-06-03T22:06:12.040Z,"near the west coast of Honshu, Japan",earthquake,5.37,4.529,0.141,14,reviewed,us,us
2023-04-11T20:35:20.638Z,37.0589,137.1531,265.239,3.9,mb,73,69,0.987,0.61,us,us6000k3m1,2023-06-17T21:36:46.040Z,"near the west coast of Honshu, Japan",earthquake,7.83,4.95,0.078,48,reviewed,us,us
2023-05-05T05:42:04.365Z,37.5476,137.2994,10,6.2,mww,127,32,1.235,0.64,us,us6000k9mb,2023-08-01T03:01:15.072Z,"49 km NE of Anamizu, Japan",earthquake,8.07,1.833,0.061,26,reviewed,us,us
2023-05-05T05:53:36.934Z,37.5062,137.2324,10,4.8,mb,80,88,1.234,0.55,us,us6000kavf,2023-07-15T22:10:25.040Z,"42 km NE of Anamizu, Japan",earthquake,5.82,1.854,0.075,55,reviewed,us,us
2023-05-05T08:38:01.171Z,37.4752,137.3978,10,4.6,mb,69,92,1.13,0.73,us,us6000k9na,2023-07-15T22:09:48.040Z,"51 km ENE of Anamizu, Japan",earthquake,5.6,1.878,0.082,44,reviewed,us,us
2023-05-05T12:58:03.876Z,37.4872,137.2752,10,5.6,mwb,132,50,1.198,0.65,us,us6000k9rh,2023-07-15T22:09:52.040Z,"43 km NE of Anamizu, Japan",earthquake,5.23,1.83,0.029,115,reviewed,us,us
2023-05-05T14:18:49.958Z,37.5102,137.2187,9.873,4.4,mb,53,89,1.244,0.59,us,us6000k9t2,2023-07-15T22:09:56.040Z,"41 km NE of Anamizu, Japan",earthquake,5.46,4.394,0.102,28,reviewed,us,us
2023-05-08T20:14:17.486Z,37.5099,137.3075,5.996,4.9,mb,87,53,1.2,0.65,us,us6000kagl,2023-07-22T19:16:26.040Z,"47 km NE of Anamizu, Japan",earthquake,5.39,3.324,0.032,301,reviewed,us,us
2023-05-08T20:16:13.279Z,37.6125,137.537,9.603,4.3,mb,22,109,1.191,0.69,us,us6000kbf7,2023-07-22T19:17:04.040Z,"",earthquake,7.7,4.41,0.239,5,reviewed,us,us
2023-05-09T02:05:55.093Z,37.5219,137.39,10,4.4,mb,66,94,1.172,0.64,us,us6000kaih,2023-07-22T19:16:28.040Z,"53 km NE of Anamizu, Japan",earthquake,5.56,1.837,0.094,33,reviewed,us,us
2023-05-09T22:14:37.287Z,37.5372,137.2169,4.863,4.8,mww,209,87,1.266,0.5,us,us6000kaqu,2023-07-22T19:16:32.040Z,"43 km NE of Anamizu, Japan",earthquake,6.17,3.433,0.071,19,reviewed,us,us
2023-05-10T12:54:48.376Z,37.5921,137.2874,10,4.9,mww,86,91,1.276,0.73,us,us6000kau6,2023-07-22T19:16:37.040Z,"",earthquake,2.61,1.861,0.068,21,reviewed,us,us
2023-05-21T15:20:27.816Z,37.5373,137.3086,10,4.4,mb,19,103,1.222,0.78,us,us7000k488,2023-07-29T22:00:41.040Z,"49 km NE of Anamizu, Japan",earthquake,6.32,1.335,0.19,8,reviewed,us,us
2023-05-30T08:49:17.264Z,37.5033,137.4734,10,4.6,mb,55,94,1.12,1.07,us,us7000k4y8,2023-08-05T22:07:40.040Z,"58 km ENE of Anamizu, Japan",earthquake,5.96,1.846,0.073,56,reviewed,us,us
2023-09-28T14:29:47.648Z,37.4525,137.1593,10,4.4,mb,31,89,1.232,0.81,us,us6000lbdg,2023-12-09T22:00:40.040Z,"33 km NE of Anamizu, Japan",earthquake,6.11,1.865,0.143,14,reviewed,us,us
2024-01-01T07:06:05.619Z,37.5067,137.2389,10,5.5,mww,119,53,0.967,0.82,us,us6000m0xj,2024-01-02T07:13:24.096Z,"42 km NE of Anamizu, Japan",earthquake,3.77,1.827,0.093,11,reviewed,us,us
2024-01-01T07:10:09.692Z,37.4976,137.2416,10,7.5,mww,120,39,0.97,1.01,us,us6000m0xl,2024-01-02T11:46:27.758Z,"42 km NE of Anamizu, Japan",earthquake,5.43,1.831,0.047,43,reviewed,us,us
2024-01-01T07:18:42.037Z,37.1959,136.8697,10,6.2,mb,94,33,1.251,0.85,us,us6000m0xm,2024-01-02T07:28:54.732Z,"4 km SSW of Anamizu, Japan",earthquake,3.53,1.8,0.025,631,reviewed,us,us
2024-01-01T07:39:49.493Z,37.4928,137.4688,10,5.2,mb,68,93,0.83,0.8,us,us6000m0xn,2024-01-01T08:03:07.210Z,"58 km ENE of Anamizu, Japan",earthquake,4.67,1.75,0.044,170,reviewed,us,us
2024-01-01T07:48:14.897Z,37.2878,136.8928,10,4.9,mb,30,73,1.286,0.97,us,us6000m0xp,2024-01-01T08:42:35.040Z,"6 km N of Anamizu, Japan",earthquake,5.63,1.884,0.106,28,reviewed,us,us
2024-01-01T07:56:48.113Z,37.2969,136.9462,10,5.6,mww,103,71,1.256,1.18,us,us6000m0xt,2024-01-02T08:03:38.509Z,"8 km NNE of Anamizu, Japan",earthquake,5.51,1.842,0.098,10,reviewed,us,us
2024-01-01T08:02:45.362Z,37.5198,137.4592,10,5,mb,49,93,0.818,0.79,us,us6000m0xu,2024-01-01T08:17:49.040Z,"58 km ENE of Anamizu, Japan",earthquake,4.49,1.867,0.054,109,reviewed,us,us
2024-01-01T08:07:11.635Z,37.1111,136.6676,10,5.1,mb,67,60,1.356,1.02,us,us6000m0xw,2024-01-01T08:23:49.040Z,"24 km WSW of Anamizu, Japan",earthquake,3.97,1.809,0.038,230,reviewed,us,us
2024-01-01T08:17:47.180Z,37.4888,137.2466,10,4.8,mb,50,85,0.972,0.76,us,us6000m0xx,2024-01-01T08:44:12.040Z,"41 km NE of Anamizu, Japan",earthquake,5.92,1.865,0.074,56,reviewed,us,us
2024-01-01T08:22:11.402Z,37.4122,137.2656,10,4.9,mb,53,86,1.005,1.03,us,us6000m0xy,2024-01-01T08:38:44.040Z,"38 km ENE of Anamizu, Japan",earthquake,3.47,1.789,0.069,66,reviewed,us,us
2024-01-01T08:29:03.393Z,37.4782,137.5275,10,4.8,mb,46,98,0.806,0.81,us,us6000m0y1,2024-01-01T08:47:33.040Z,"57 km NNW of Itoigawa, Japan",earthquake,4.4,1.865,0.101,30,reviewed,us,us
2024-01-01T09:03:49.190Z,37.5575,137.3836,10,5.5,mb,104,88,0.843,0.78,us,us6000m0y9,2024-01-02T09:11:19.025Z,"55 km NE of Anamizu, Japan",earthquake,5.5,1.845,0.024,618,reviewed,us,us
2024-01-01T09:08:17.854Z,37.5249,137.4079,10,5.6,mb,116,50,0.847,0.88,us,us6000m0ya,2024-01-02T09:16:20.506Z,"55 km NE of Anamizu, Japan",earthquake,4.41,1.772,0.022,722,reviewed,us,us
2024-01-01T09:23:07.623Z,37.5162,137.3338,10,4.5,mb,27,89,0.899,0.71,us,us6000m0yc,2024-01-02T09:11:14.040Z,"49 km NE of Anamizu, Japan",earthquake,2.96,1.877,0.192,8,reviewed,us,us
2024-01-01T09:30:21.722Z,37.5256,137.3501,10,5.2,mb,102,86,0.883,0.75,us,us6000m0ye,2024-01-01T09:46:03.040Z,"51 km NE of Anamizu, Japan",earthquake,4.11,1.834,0.026,498,reviewed,us,us
2024-01-01T09:40:00.025Z,37.1519,136.6801,10,5,mb,68,61,1.364,0.89,us,us6000m0yf,2024-01-01T10:02:13.040Z,"21 km WSW of Anamizu, Japan",earthquake,5.3,1.838,0.031,375,reviewed,us,us
2024-01-01T09:49:15.522Z,37.551,137.3804,10,4.6,mb,52,91,0.849,0.87,us,us6000m0yh,2024-01-01T10:49:59.040Z,"55 km NE of Anamizu, Japan",earthquake,4.49,1.863,0.067,67,reviewed,us,us
2024-01-01T10:50:35.795Z,37.4879,137.3393,10,4.7,mb,33,90,0.913,1.03,us,us6000m0yw,2024-01-01T11:32:51.040Z,"48 km NE of Anamizu, Japan",earthquake,4.42,1.88,0.084,43,reviewed,us,us
2024-01-01T11:35:32.787Z,37.1787,136.6614,10,4.6,mb,52,73,1.389,0.95,us,us6000m0z3,2024-01-01T13:04:12.965Z,"22 km WSW of Anamizu, Japan",earthquake,6.23,1.863,0.046,141,reviewed,us,us
2024-01-01T12:20:46.764Z,37.4938,137.3807,10,4.2,mb,28,93,0.883,0.62,us,us6000m0z5,2024-01-01T12:50:47.040Z,"51 km NE of Anamizu, Japan",earthquake,3.56,1.693,0.141,14,reviewed,us,us
2024-01-01T12:48:32.027Z,37.5973,137.6788,10,4.4,mb,27,112,0.637,0.63,us,us6000m0z9,2024-01-01T14:06:57.040Z,"64 km NNW of Itoigawa, Japan",earthquake,3.04,1.916,0.139,15,reviewed,us,us
2024-01-01T12:54:28.961Z,37.126,136.6325,10,4.3,mb,26,79,1.388,1.23,us,us6000m0zj,2024-01-01T14:17:26.040Z,"26 km WSW of Anamizu, Japan",earthquake,5.64,1.895,0.178,9,reviewed,us,us
2024-01-01T13:10:57.590Z,37.3844,137.1729,10,4.5,mb,68,82,1.081,1.12,us,us6000m0zf,2024-01-01T15:04:20.040Z,"29 km NE of Anamizu, Japan",earthquake,2.45,1.865,0.081,45,reviewed,us,us
2024-01-01T14:19:29.241Z,37.4498,137.4778,10,4.4,mb,39,90,0.854,0.87,us,us6000m0zr,2024-01-01T16:02:39.040Z,"56 km ENE of Anamizu, Japan",earthquake,3.53,1.842,0.12,20,reviewed,us,us
2024-01-01T15:08:36.613Z,37.4952,137.3856,10,4.4,mb,39,92,0.879,0.91,us,us6000m101,2024-01-01T16:25:49.040Z,"51 km NE of Anamizu, Japan",earthquake,3.22,1.89,0.12,20,reviewed,us,us
2024-01-01T16:10:09.291Z,37.5786,137.7034,10,4.1,mb,23,105,0.636,0.48,us,us6000m10a,2024-01-01T17:20:04.040Z,"61 km NNW of Itoigawa, Japan",earthquake,2.53,1.928,0.151,12,reviewed,us,us
2024-01-01T17:33:30.047Z,37.5153,137.5244,10,4.5,mwr,87,96,0.782,1.04,us,us6000m10e,2024-01-01T18:07:42.040Z,"60 km NNW of Itoigawa, Japan",earthquake,4.76,1.835,0.078,16,reviewed,us,us
2024-01-01T17:52:10.066Z,37.2147,136.849,10,4.2,mb,19,67,1.275,0.64,us,us6000m10k,2024-01-01T19:30:41.040Z,"4 km WSW of Anamizu, Japan",earthquake,4.41,1.904,0.176,9,reviewed,us,us
2024-01-01T18:29:39.013Z,37.1443,136.8457,10,4.3,mb,13,86,1.243,0.99,us,us6000m10q,2024-01-01T19:38:54.040Z,"10 km SSW of Anamizu, Japan",earthquake,6.13,1.955,0.237,5,reviewed,us,us
2024-01-01T19:27:14.261Z,37.0884,136.6465,10,5,mb,61,60,1.362,0.85,us,us6000m110,2024-01-01T19:44:48.040Z,"25 km NNW of Hakui, Japan",earthquake,5.57,1.853,0.033,297,reviewed,us,us
2024-01-01T19:42:05.916Z,37.2223,136.6873,10,5.1,mb,49,62,1.391,0.98,us,us6000m113,2024-01-01T20:01:33.040Z,"18 km W of Anamizu, Japan",earthquake,5.38,1.855,0.053,115,reviewed,us,us
2024-01-01T22:13:26.874Z,37.0969,137.1217,10,4.2,mwr,47,70,1.028,0.61,us,us6000m11s,2024-01-01T22:43:31.040Z,"14 km ENE of Nanao, Japan",earthquake,4.16,1.856,0.075,17,reviewed,us,us
2024-01-01T22:27:02.017Z,37.3933,137.2082,10,4.2,mb,18,84,1.053,0.39,us,us6000m11t,2024-01-01T22:54:08.040Z,"32 km ENE of Anamizu, Japan",earthquake,2.55,1.924,0.176,9,reviewed,us,us
2024-01-02T00:14:23.405Z,37.4176,137.21,10,4.4,mwr,76,84,1.037,0.73,us,us6000m128,2024-01-02T00:45:50.040Z,"34 km NE of Anamizu, Japan",earthquake,1.93,1.844,0.066,22,reviewed,us,us
2024-01-02T01:17:33.365Z,37.2326,136.7879,10,5.4,mww,498,33,1.326,0.73,us,us6000m12f,2024-01-02T03:24:46.078Z,"9 km W of Anamizu, Japan",earthquake,4.57,1.804,0.069,20,reviewed,us,us
2024-01-02T06:57:54.695Z,37.1722,136.7973,10,4.8,mb,50,64,1.29,0.51,us,us6000m13h,2024-01-02T07:32:47.040Z,"11 km SW of Anamizu, Japan",earthquake,5.55,1.857,0.05,122,reviewed,us,us
2024-01-02T08:13:41.460Z,37.1336,136.7137,10.925,4.9,mb,51,62,1.332,0.66,us,us6000m13q,2024-01-02T08:46:17.040Z,"19 km SW of Anamizu, Japan",earthquake,4.8,4.503,0.039,203,reviewed,us,us
